x,y,prediction,confidence
32027,11067,0,0.98496
16013,16098,0,0.80595
70059,39239,1,0.64481
70059,76466,1,0.77922
21017,48294,1,0.81735
63053,30184,0,0.83728
32027,26159,1,0.62721
36030,60368,1,0.85258
44037,61374,0,0.92328
71059,26159,1,0.69185
18015,57349,0,0.62856
25021,12073,1,0.80981
14011,35214,0,0.76520
70059,32196,1,0.83170
9007,40245,0,0.89372
24020,24147,1,0.59827
63053,23141,0,0.54463
52043,70429,1,0.86005
53044,34208,0,0.67465
62052,56343,1,0.79763
